{"cells":[{"name":{"_data_":"cell_1","_wellknowntype_":"string"},"views":[{"name":{"_data_":"layout","_wellknowntype_":"string"},"references":{"cells":[],"externalFiles":[],"libraries":[],"libraryFiles":[],"pcbVias":[],"views":[]},"timestamp":[{"file":{"_data_":".","_wellknowntype_":"string"},"time":{"_data_":1749505027102,"_wellknowntype_":"int64"}},{"file":{"_data_":"layout.oa","_wellknowntype_":"string"},"time":{"_data_":1749500527190,"_wellknowntype_":"int64"}},{"file":{"_data_":"layout.oa.cdslck","_wellknowntype_":"string"},"time":{"_data_":1749505027102,"_wellknowntype_":"int64"}},{"file":{"_data_":"master.tag","_wellknowntype_":"string"},"time":{"_data_":1749491264208,"_wellknowntype_":"int64"}}]}]}],"name":{"_data_":"PIFA_CoolPatch_lib","_wellknowntype_":"string"},"version":{"_data_":1.0,"_wellknowntype_":"double"}}